title,dom_bo,int_bo,wrld_bo,dvd_sales,blu_sales,total_sales,opening,runtime,legs,share,budget,theater_opening,theater_max,inf_dom_bo,release,vdo_release,mpaa,series,genre,kwrds,src,prd_mthd,creative_type,prd_company,prd_country,lang,synop
"/movie/Avengers-Endgame-(2019)#tab=summary
",858373000,1939427564,2797800564,19581271,69437591,89018862,357115007,181.0,2.4,30.7,400000000,4662,4662,858373000,"April 26th, 2019","July 30th, 2019",PG-13,Marvel Cinematic UniverseAvengers,action,"ensemble, marvel comics, animal lead, non-chronological, super villains, death of a best friend, motion capture performance, 3-d, 3-d - post-production conversion, imax: dmr",based on comic/graphic novel,animation/live action,super hero,Marvel Studios,united states,english,"the grave course of events set in motion by thanos that wiped out half the universe and fractured the avengers ranks compels the remaining avengers to take one final stand in marvel studiosâ grand conclusion to twenty-two films, âavengers: endgame.â
"
"/movie/Pirates-of-the-Caribbean-On-Stranger-Tides#tab=summary
",241063875,804600000,1045663875,35478573,58936309,94414882,90151958,136.0,2.67,23.1,379000000,4155,4164,276934662,"May 20th, 2011","October 18th, 2011",PG-13,Pirates of the Caribbean,adventure,"pirates, zombies, visual effects, romance, epilogue, revenge, sequels without their original stars, 3-d, foreign language, escape, mermaids, imax: dmr",based on theme park ride,live action,fantasy,Walt Disney Pictures,united states,english,"when captain jack sparrow crosses paths with the enigmatic angelica, he's not sure if it's love - or if she's a ruthless con artist who's using him to find the fabled fountain of youth. when she forces him aboard the ""queen anne's revenge,"" the ship of the legendary pirate blackbeard, jack finds himself on an unexpected adventure in which he doesn't know whom to fear more: blackbeard or angelica, with whom he shares a mysterious past.  
"
"/movie/Avengers-Age-of-Ultron#tab=summary
",459005868,944008095,1403013963,33569045,55802159,89371204,191271109,141.0,2.4,32.7,365000000,4276,4276,496031246,"May 1st, 2015","September 8th, 2015",PG-13,Marvel Cinematic UniverseAvengers,action,"marvel comics, robot, end of the world, hallucinations, motion capture performance, 3-d, 3-d - post-production conversion, imax: dmr",based on comic/graphic novel,animation/live action,super hero,Marvel Studios,united states,english,"when tony stark tries to jumpstart a dormant peacekeeping program, things go awry and earthâs mightiest heroes, including iron man, captain america, thor, the incredible hulk, black widow and hawkeye, are put to the ultimate test as the fate of the planet hangs in the balance. as the villainous ultron emerges, it is up to the avengers to stop him from enacting his terrible plans, which soon leads to some uneasy alliances. along the way, they confront two mysterious and powerful newcomers, wanda and pietro maximoff and meet an old friend in a new form, vision.
"
"/movie/Star-Wars-Ep-VII-The-Force-Awakens#tab=summary
",936662225,1131561399,2068223624,39088352,151559711,190648063,247966675,136.0,3.78,45.3,306000000,4134,4134,1006872847,"December 18th, 2015","April 1st, 2016",PG-13,Star Wars,adventure,"space opera, good vs. evil, delayed sequel, intertitle, robot, sequels with returning stars, dysfunctional family, gratuitous cameos, motion capture performance, 3-d, 3-d - post-production conversion, imax: dmr",original screenplay,animation/live action,science fiction,"Lucasfilm, Bad Robot",united states,english,"rey, a scavenger from the planet jakku, and renegade stormtrooper fn-2187 (nickname âfinnâ) embark with resistance pilot poe dameron on a quest to destroy starkiller base and search for luke skywalker, the last remaining jedi.
"
"/movie/Avengers-Infinity-War#tab=summary
",678815482,1369544272,2048359754,23700665,77736363,101437028,257698183,156.0,2.63,33.1,300000000,4474,4474,678815482,"April 27th, 2018","July 31st, 2018",PG-13,Marvel Cinematic UniverseAvengers,action,"marvel comics, robot, end of the world, hallucinations, super villains, ensemble, franchise crossover, outer space, gods and goddesses, non-chronological, death of a sibling, motion capture performance, 3-d, 3-d - post-production conversion, imax: dmr",based on comic/graphic novel,animation/live action,super hero,Marvel Studios,united states,english,"as the avengers and their allies have continued to protect the world from threats too large for any one hero to handle, a new danger has emerged from the cosmic shadows: thanos. a despot of intergalactic infamy, his goal is to collect all six infinity stones, artifacts of unimaginable power, and use them to inflict his twisted will on all of reality. everything the avengers have fought for has led up to this momentâthe fate of earth and existence itself has never been more uncertain. 
"
"/movie/Pirates-of-the-Caribbean-At-Worlds-End#tab=summary
",309420425,654000000,963420425,314040375,7640482,321680857,114732820,167.0,2.7,32.1,300000000,4362,4362,409712211,"May 24th, 2007","December 4th, 2007",PG-13,Pirates of the Caribbean,adventure,"pirates, visual effects, 1700s, motion capture performance",based on theme park ride,live action,historical fiction,"Walt Disney Pictures, Jerry Bruckheimer",united states,english,"
 

"
"/movie/Justice-League-(2017)#tab=summary
",229024295,426920914,655945209,19449630,40475432,59925062,93842239,121.0,2.44,34.9,300000000,4051,4051,232544520,"November 17th, 2017","February 13th, 2018",PG-13,DC Extended Universe,action,"ensemble, d.c. comics, cyborg, end of the world, secret identity, surprise twist, alien invasion, scene in end credits, slow motion scene, underwater, atlantis, kidnap, royalty, motion capture performance, 3-d, 3-d - post-production conversion, imax: dmr",based on comic/graphic novel,live action,super hero,"DC Films, RatPac Entertainment, Atlas Entertainment, Cruel and Unusual Films",united states,english,"fueled by his restored faith in humanity and inspired by supermanâs selfless act, bruce wayne enlists the help of his newfound ally, diana prince, to face an even greater enemy.  together, batman and wonder woman work quickly to find and recruit a team of meta-humans to stand against this newly awakened threat.  but despite the formation of this unprecedented league of heroesâbatman, wonder woman, aquaman, cyborg and the flashâit may already be too late to save the planet from an assault of catastrophic proportions.
"
"/movie/Spectre#tab=summary
",200074175,679546748,879620923,12917812,24092452,37010264,70403148,148.0,2.84,22.7,300000000,3929,3929,216131343,"November 6th, 2015","January 22nd, 2016",PG-13,James Bond,action,"secret agent, shadowy organization, the past catching up with you, development hell, prologue, intertitle, mexico, imax: dmr",based on fiction book/short story,live action,contemporary fiction,Eon Productions,"united kingdom, united states",english,"a cryptic message from the past sends james bond on a rogue mission to mexico city and eventually rome, where he meets lucia sciarra, the beautiful and forbidden widow of an infamous criminal. bond infiltrates a secret meeting and uncovers the existence of the sinister organization known as spectre. meanwhile back in london, max denbigh, the new head of the centre for national security, questions bondâs actions and challenges the relevance of mi6, led by m. bond covertly enlists moneypenny and q to help him seek out madeleine swann, the daughter of his old nemesis mr white, who may hold the clue to untangling the web of spectre. as bond ventures towards the heart of spectre, he learns of a chilling connection between himself and the enemy he seeks.
"
"/movie/Star-Wars-The-Rise-of-Skywalker-(2019)#tab=summary
",513563372,555783615,1069346987,.,.,.,177383864,142.0,2.9,48.0,275000000,4406,4406,513563372,"December 20th, 2019","March 17th, 2020",PG-13,Star Wars,adventure,"space opera, robot, good vs. evil, outer space, dysfunctional family, intertitle, family affair, 3-d, 3-d - post-production conversion, imax: dmr",original screenplay,animation/live action,science fiction,"Lucasfilm, Bad Robot, Walt Disney Pictures",united states,english,"no oneâs ever really goneâ¦ reyâs journey continues and the skywalker saga concludes.
"
"/movie/Solo-A-Star-Wars-Story#tab=summary
",213767512,179383835,393151347,16048812,39496763,55545575,84420489,135.0,2.53,54.4,275000000,4381,4381,213767512,"May 25th, 2018","September 14th, 2018",PG-13,Star Wars,adventure,"prequel, space opera, smuggler, heist, origin story, romance, relationships gone wrong, organized crime, crime boss, intertitle, prologue, motion capture performance, 3-d, 3-d - post-production conversion, imax: dmr",spin-off,animation/live action,science fiction,Lucasfilm,united states,english,"through a series of daring escapades deep within a dark and dangerous criminal underworld, han solo meets his mighty future copilot chewbacca and encounters the notorious gambler lando calrissian, in a journey that will set the course of one of the star wars sagaâs most unlikely heroes.
"
"/movie/John-Carter-of-Mars#tab=summary
",73058679,209719421,282778100,24755272,16426306,41181578,30180188,132.0,2.42,25.8,263700000,3749,3749,83613639,"March 9th, 2012","June 5th, 2012",PG-13,.,adventure,"3-d, rescue, culture clash, civil war, war, development hell, voiceover/narration, prologue, intertitle, arranged marriage, surprise twist, faked death, non-chronological, death of a son or daughter, death of a spouse or fiancã©e / fiancã©, invented language, imax: dmr, mars, motion capture performance, 3-d - post-production conversion",based on fiction book/short story,live action,science fiction,"Walt Disney Pictures, Jim Morris",united states,"apache, english","""john carter"" - is an action-adventure set onâ the mysterious and exotic planet of barsoom. ""john carter"" is basedâ on a classic novel by edgar rice burroughs, whose highly imaginative adventures served as inspiration for many filmmakers, both past and present. theâ film tells the story of war-weary, former military captain john carter, who isâ inexplicably transported to mars where he becomes reluctantly embroiledâ in a conflict of epic proportions amongst the inhabitants ofâ the planet, including tars tarkas  and theâ captivating princess dejah thoris.â in a worldâ on the brink of collapse, carter rediscovers his humanity when he realizes that the survivalâ of barsoom and its people rests in his hands.â 
"
"/movie/Batman-v-Superman-Dawn-of-Justice#tab=summary
",330360194,543274725,873634919,22477700,57744481,80222181,166007347,151.0,1.99,37.8,263000000,4242,4256,347928482,"March 25th, 2016","June 28th, 2016",PG-13,Man of SteelSupermanBatmanDC Extended Universe,action,"franchise crossover, d.c. comics, vigilante, non-chronological, dream sequence, prophetic dreams, motion capture performance, 3-d, 3-d - post-production conversion, imax: dmr",based on comic/graphic novel,live action,super hero,"Warner Bros., RatPac Entertainment, Dune Entertainment, Atlas Entertainment, Cruel and Unusual Films",united states,english,"fearing the actions of a god-like super hero left unchecked, gotham cityâs own formidable, forceful vigilante takes on metropolisâs most revered, modern-day savior, while the world wrestles with what sort of hero it really needs. and with batman and superman at war with each other, a new threat quickly arises, putting mankind in greater danger than it has ever known before.
"
"/movie/Lion-King-The-(Live-Action)-(2019)#tab=summary
",543638043,1112675054,1656313097,16106589,31098360,47204949,191770759,118.0,2.83,32.8,260000000,4725,4802,543638047,"July 19th, 2019","October 11th, 2019",PG,The Lion King,adventure,"talking animals, animal lead, royalty, accidental death, remake, ensemble, coming of age, revenge, motion capture performance, 3-d, imax: dmr",remake,animation/live action,kids fiction,"Walt Disney Pictures, Fairview Entertainment",united states,english,"simba idolizes his father, king mufasa, and takes to heart his own royal destiny. but not everyone in the kingdom celebrates the new cubâs arrival. scar, mufasaâs brotherâand former heir to the throneâhas plans of his own. the battle for pride rock is ravaged with betrayal, tragedy and drama, ultimately resulting in simbaâs exile. with help from a curious pair of newfound friends, simba will have to figure out how to grow up and take back what is rightfully his.
"
"/movie/Tangled#tab=summary
",200821936,385655304,586477240,179787688,65663692,245451380,48767052,101.0,4.12,34.2,260000000,3603,3603,231682049,"November 24th, 2010","March 29th, 2011",PG,.,musical,"prince/princess, escape, heist, voiceover/narration, 3-d, kidnap, animal lead, dysfunctional family, romance, orphan, coming of age, prologue, royalty, road trip, imax: dmr, development hell, 3-d - shot in 3-d",based on folk tale/legend/fairytale,digital animation,kids fiction,Walt Disney Animation Studios,united states,english,"fugitive bandit, flynn ryder, hides out in a mysterious tower and is taken hostage by rapunzel. locked in the tower with 70 feet of hair, rapunzel strikes a deal with flynn to gain her freedom. the pair set out on an adventure with the king's guards in hot pursuit.
"
"/movie/Spider-Man-3#tab=summary
",336530303,558329927,894860230,125012364,825031,125837395,151116516,139.0,2.23,37.6,258000000,4252,4324,445609164,"May 4th, 2007","October 30th, 2007",PG-13,Spider-Man,adventure,"marvel comics, revenge, imax: dmr, escape, death of a best friend, faulty memory, college, college professor, 2000s, nightclub, hostage",based on comic/graphic novel,live action,super hero,"Columbia Pictures, Marvel Studios, Laura Ziskin Productions",united states,english,"
 

"
"/movie/Captain-America-Civil-War#tab=summary
",408084349,745200000,1153284349,23036580,62014273,85050853,179139142,146.0,2.28,35.4,250000000,4226,4226,429785941,"May 6th, 2016","September 13th, 2016",PG-13,Captain AmericaMarvel Cinematic Universe,action,"marvel comics, friends turned enemies, government corruption, rebellion, 1990s, prologue, scene in end credits, framed, gratuitous cameos, visual effects, intertitle, assassination, young child dealing with the death of a parent, siberia, nigeria, russia, revenge, death of a spouse or fiancã©e / fiancã©, death of a son or daughter, surprise twist, super soldier serum, voiceover/narration, 3-d, 3-d - post-production conversion, imax: dmr",based on comic/graphic novel,live action,super hero,Marvel Studios,united states,english,"steve rogers is leading the newly formed team of avengers in their continued efforts to safeguard humanity. but after another incident involving the avengers results in collateral damage, political pressure mounts to install a system of accountability, headed by a governing body to oversee and direct the team. the new status quo fractures the avengers, resulting in two campsâone led by steve rogers and his desire for the avengers to remain free to defend humanity without government interference, and the other following tony starkâs surprising decision to support government oversight and accountability.
"
"/movie/Harry-Potter-and-the-Half-Blood-Prince#tab=summary
",302089278,633124489,935213767,148026330,51295876,199322206,77835727,153.0,3.88,32.3,250000000,4325,4455,366779769,"July 15th, 2009","December 8th, 2009",PG,Harry Potter,adventure,"boarding school, 3-d, imax: dmr, 3-d - post-production conversion",based on fiction book/short story,animation/live action,fantasy,Heyday Films,"united kingdom, united states",english,"
 

"
"/movie/Hobbit-The-Desolation-of-Smaug-The#tab=summary
",258241522,702000000,960241522,43920300,63102667,107022967,73645197,201.0,3.51,26.9,250000000,3903,3928,289209476,"December 13th, 2013","April 8th, 2014",PG-13,Peter Jackson's Lord of the RingsThe Hobbit,adventure,"3-d, 3-d - shot in 3-d, dragon, prequel, inbetwequel, ensemble, lord of the rings, motion capture performance, imax: dmr",based on fiction book/short story,animation/live action,fantasy,Wingnut Films,"new zealand, united states",english,"having survived the beginning of their unexpected journey, the company, consisting of bilbo baggins, the wizard gandalf, and thirteen dwarves, led by thorin oakenshield, continues east, encountering along the way the skin-changer beorn and a swarm of giant spiders in the treacherous forest of mirkwood.  after escaping capture by the dangerous wood-elves, the dwarves journey to lake-town, and finally to the lonely mountain itself, where they must face the greatest danger of allâa creature more terrifying than any other; one which will test not only the depth of their courage but the limits of their friendship and the wisdom of the journey itselfâthe dragon smaug.
"
"/movie/Hobbit-The-Battle-of-the-Five-Armies-The#tab=summary
",255119788,690457833,945577621,29485612,48209740,77695352,54724334,144.0,4.66,27.0,250000000,3875,3875,283285507,"December 17th, 2014","March 24th, 2015",PG-13,Peter Jackson's Lord of the RingsThe Hobbit,adventure,"3-d, 3-d - shot in 3-d, lord of the rings, war, dwarves, elves, prequel, motion capture performance, imax: dmr",based on fiction book/short story,animation/live action,fantasy,"New Line Cinema, Wingnut Films, Metro-Goldwyn-Mayer Pictures","new zealand, united states",english,"the dwarves of erebor have reclaimed the vast wealth of their homeland, but now must face the consequences of having unleashed the terrifying dragon, smaug, upon the defenseless men, women and children of lake-town. as he succumbs to dragon-sickness, the king under the mountain, thorin oakenshield, sacrifices friendship and honor in his search for the legendary arkenstone. unable to help thorin see reason, bilbo is driven to make a desperate and dangerous choice, not knowing that even greater perils lie ahead. an ancient enemy has returned to middle-earth. sauron, the dark lord, has sent forth legions of orcs in a stealth attack upon the lonely mountain. as darkness converges on their escalating conflict, the races of dwarves, elves and men must decideâunite or be destroyed. bilbo finds himself fighting for his life and the lives of his friends as five great armies go to war.
"
"/movie/Fate-of-the-Furious-The#tab=summary
",225764765,1013000000,1238764765,20182603,25507551,45690154,98786705,136.0,2.29,18.2,250000000,4310,4329,229288406,"April 14th, 2017","June 27th, 2017",PG-13,Fast and the Furious,action,"sequels without their original stars, friends turned enemies, car chase, terrorism, enemies forced to work together, betrayal, prison, prison riot, ensemble, 3-d, 3-d - post-production conversion, imax: dmr",original screenplay,live action,contemporary fiction,"Universal Pictures, Original Film, One Race Films",united states,english,"now that dom and letty are on their honeymoon and brian and mia have retired from the gameâand the rest of the crew has been exoneratedâthe globetrotting team has found a semblance of a normal life. but when a mysterious woman seduces dom into the world of crime he canât seem to escape and a betrayal of those closest to him, they will face trials that will test them as never before. from the shores of cuba and the streets of new york city to the icy plains of the arctic barents sea, our elite force will crisscross the globe to stop an anarchist from unleashing chaos on the worlds stageâ¦and to bring home the man who made them a family
"
"/movie/No-Time-to-Die#tab=summary
",0,.,.,.,.,.,.,.,.,.,250000,.,.,.,"April 10th, 2020",.,PG-13,James Bond,action,imax: dmr,based on fiction book/short story,live action,contemporary fiction,"Eon Productions, Metro-Goldwyn-Mayer Pictures","united kingdom, united states",english,"bond has left active service and is enjoying a tranquil life in jamaica. his peace is short-lived when his old friend felix leiter from the cia turns up asking for help. the mission to rescue a kidnapped scientist turns out to be far more treacherous than expected, leading bond onto the trail of a mysterious villain armed with dangerous new technology.
"
"/movie/Avatar#tab=summary
",760507625,2029197650,2789705275,236772277,220112390,456884667,77025481,162.0,9.87,27.3,237000000,3452,3461,899243135,"December 18th, 2009","April 22nd, 2010",PG-13,Avatar,action,"3-d, invented language, visual effects, alien invasion, imax: dmr, humans as aliens, language barrier, 2010 oscars best picture nominee, romance, interspecies romance, slow motion scene, confined to a wheelchair, voiceover/narration, death of a sibling, twins, death of a twin, genetic engineering, 3-d - shot in 3-d, environment, motion capture performance",original screenplay,animation/live action,science fiction,"Dune Entertainment, 20th Century Fox, Ingenious Film Partners",united states,"english, na'vi","jake sully is a wounded ex-marine, thrust into an effort to settle and exploit pandora, an exotic moon rich in bio-diversity and inhabited by the naâvi, a ten-foot-tall humanoid species. after neytiri, a female naâvi, rescues jake after he becomes separated from his team, he learns more about the planet and eventually crosses over to lead the indigenous race in a battle for survival.
"
"/movie/Superman-Returns#tab=summary
",200120000,190961192,391081192,85846298,.,.,52535096,150.0,3.81,51.2,232000000,4065,4065,278334833,"June 28th, 2006","November 28th, 2006",PG-13,Superman,adventure,"d.c. comics, visual effects, friendly alien on earth, 3-d, imax: dmr, 3-d - post-production conversion",based on comic/graphic novel,live action,super hero,"Warner Bros., Legendary Pictures, Jon Peters, Bad Hat Harry Productions",united states,english,"
 

"
"/movie/Dark-Knight-Rises-The#tab=summary
",448139099,636300000,1084439099,71941288,85805706,157746994,160887295,164.0,2.79,41.3,230000000,4404,4404,512882806,"July 20th, 2012","December 4th, 2012",PG-13,BatmanDark Knight Trilogy,action,"vigilante, terrorism, fugitive / on the run, non-chronological, surprise twist, secret identity, imax: dmr, d.c. comics",based on comic/graphic novel,live action,super hero,"Warner Bros., Legendary Pictures, Syncopy",united states,english,"it has been eight years since batman vanished into the night, turning, in that instant, from hero to fugitive. assuming the blame for the death of d.a. harvey dent, the dark knight sacrificed everything for what he and commissioner gordon both hoped was the greater good. for a time the lie worked, as criminal activity in gotham city was crushed under the weight of the anti-crime dent act.

but everything will change with the arrival of a cunning cat burglar with a mysterious agenda. far more dangerous, however, is the emergence of bane, a masked terrorist whose ruthless plans for gotham drive bruce out of his self-imposed exile. but even if he dons the cape and cowl again, batman may be no match for bane.
"
"/movie/Pirates-of-the-Caribbean-Dead-Men-Tell-No-Tales#tab=summary
",172558876,615682261,788241137,9163271,23110613,32273884,62983253,135.0,2.74,21.9,230000000,4276,4276,175252095,"May 26th, 2017","September 19th, 2017",PG-13,Pirates of the Caribbean,adventure,"pirates, hauntings, on a boat, swashbuckler, dwarfism, revenge, supernatural, sequels with returning stars, delayed sequel, development hell, scene in end credits, gratuitous cameos, 3-d, 3-d - post-production conversion, imax: dmr",based on theme park ride,animation/live action,fantasy,"Walt Disney Pictures, Jerry Bruckheimer Films",united states,english,"down-on-his-luck captain jack is feeling the winds of ill-fortune blowing strongly his way when deadly ghost sailors, led by the terrifying captain salazar, escape from the devilâs triangle bent on killing every pirate at seaânotably jack. jackâs only hope of survival lies in the legendary trident of poseidon, but to find it he must forge an uneasy alliance with carina smyth, a brilliant and beautiful astronomer, and henry, a headstrong young sailor in the royal navy. at the helm of the dying gull, his pitifully small and shabby ship, captain jack seeks not only to reverse his recent spate of ill fortune, but to save his very life from the most formidable and malicious foe he has ever faced. 
"
"/movie/Quantum-of-Solace#tab=summary
",169368427,422323651,591692078,53696436,7757261,61453697,67528882,106.0,2.51,28.6,230000000,3451,3501,214757090,"November 14th, 2008","March 24th, 2009",PG-13,James Bond,action,"secret agent, assassination, shadowy organization, 2000s, london, england, betrayal, terrorism",based on fiction book/short story,live action,contemporary fiction,"Eon Productions, Metro-Goldwyn-Mayer Pictures, Columbia Pictures","united kingdom, united states",english,"
 

"
"/movie/Avengers-The-(2012)#tab=summary
",623357910,895455078,1518812988,118602534,131496092,250098626,207438708,143.0,3.01,41.0,225000000,4349,4349,713415897,"May 4th, 2012","September 25th, 2012",PG-13,Marvel Cinematic UniverseAvengers,action,"marvel comics, 3-d, gods and goddesses, mutants, visual effects, special ops, alien invasion, revenge, franchise crossover, non-chronological, ensemble, gratuitous cameos, epilogue, scene in end credits, imax: dmr, sequel with lead character recast, good vs. evil, faked death, mind control, motion capture performance, 3-d - post-production conversion",based on comic/graphic novel,animation/live action,super hero,"Marvel Studios, Paramount Pictures",united states,english," when an unexpected enemy emerges that threatens global safety and security, nick fury, director of the international peacekeeping agency known as s.h.i.e.l.d., finds himself in need of a team to pull the world back from the brink of disaster. spanning the globe, a daring recruitment effort begins.
"
"/movie/Pirates-of-the-Caribbean-Dead-Mans-Chest#tab=summary
",423315812,642900000,1066215812,320862526,5141564,326004090,135634554,151.0,3.12,39.7,225000000,4133,4133,588764432,"July 7th, 2006","December 5th, 2006",PG-13,Pirates of the Caribbean,adventure,"pirates, visual effects, 1700s, motion capture performance",based on theme park ride,live action,historical fiction,"Walt Disney Pictures, Jerry Bruckheimer",united states,english,"
 

"
"/movie/Man-of-Steel#tab=summary
",291045518,376954000,667999518,44195455,75288060,119483515,116619362,142.0,2.5,43.6,225000000,4207,4207,326128489,"June 14th, 2013","November 12th, 2013",PG-13,SupermanDC Extended Universe,action,"d.c. comics, friendly alien on earth, alien invasion, young child dealing with the death of a parent, adopted family, visual effects, reboot, 3-d, life on a farm, 3-d - post-production conversion, imax: dmr",based on comic/graphic novel,live action,super hero,"Warner Bros., Legendary Pictures, Syncopy",united states,english,"a young boy learns that he has extraordinary powers and is not of this earth. as a young man, he journeys to discover where he came from and what he was sent here to do. but the hero in him must emerge if he is to save the world from annihilation and become the symbol of hope for all mankind. 
"
"/movie/Chronicles-of-Narnia-Prince-Caspian-The#tab=summary
",141621490,275719798,417341288,104715548,.,.,55034805,144.0,2.57,33.9,225000000,3929,3929,179689658,"May 16th, 2008","December 2nd, 2008",PG,Chronicles of Narnia,adventure,"talking animals, visual effects",based on fiction book/short story,animation/live action,fantasy,"Walt Disney Pictures, Walden Media, Mark Johnson, Silverbell Films",united states,english,"the wardrobe is gone...the white witch is dead...and aslan has been missing for over 1,000 years.  now, peter, susan, edmund and lucy  pevensie are beckoned back to narnia to find a vastly different world, where a new enemy stalks the battlefield and the land's kindly creatures find themselves on the brink of extinction.
"
"/movie/Lone-Ranger-The#tab=summary
",89302115,170700000,260002115,26140511,21056606,47197117,29210849,149.0,3.06,34.3,225000000,3904,3904,100066691,"July 2nd, 2013","December 17th, 2013",PG-13,.,western,"native americans, secret identity, government corruption, revenge, genocide, non-chronological, breaking the fourth wall, intertitle, sibling rivalry, surprise twist, scene in end credits, old age makeup, development hell, imax: dmr",based on tv,live action,historical fiction,"Walt Disney Pictures, Jerry Bruckheimer, Blind Wink, Infinitum Nihil",united states,english,"native american warrior tonto recounts the tales that transformed john reid, a man of the law, into a legend of justice, as the two unlikely heroes must learn to work together and fight against greed and corruption.
"
"/movie/Tenet-(2020)#tab=summary
",0,.,.,.,.,.,.,110.0,.,.,224000,.,.,.,"July 17th, 2020",.,.,.,action,imax: dmr,original screenplay,live action,.,.,"united kingdom, united states",english,"
 

"
"/movie/Amazing-Spider-Man-The#tab=summary
",262030663,495859604,757890267,39155907,74148666,113304573,62004688,136.0,4.23,34.6,220000000,4318,4318,299886852,"July 3rd, 2012","November 9th, 2012",PG-13,Spider-Man,adventure,"marvel comics, 3-d, secret identity, first love, visual effects, abandoned child, vigilante, reboot, inventor, mad scientist, imax: dmr, motion capture performance",based on comic/graphic novel,live action,super hero,"Columbia Pictures, Marvel Studios",united states,english,"the amazing spider-man is the story of peter parker, an outcast high schooler who was abandoned by his parents as a boy, leaving him to be raised by his uncle ben and aunt may. like most teenagers, peter is trying to figure out who he is and how he got to be the person he is today. peter is also finding his way with his first high school crush, gwen stacy, and together, they struggle with love, commitment, and secrets. as peter discovers a mysterious briefcase that belonged to his father, he begins a quest to understand his parentsâ disappearance â leading him directly to oscorp and the lab of dr. curt connors, his fatherâs former partner. as spider-man is set on a collision course with connors' alter-ego, the lizard, peter will make life-altering choices to use his powers and shape his destiny to become a hero.
"
"/movie/Battleship#tab=summary
",65233400,248244317,313477717,19352500,14461746,33814246,25534825,130.0,2.55,20.8,220000000,3690,3702,74657817,"May 18th, 2012","August 28th, 2012",PG-13,.,action,"epilogue, prologue, confined to a wheelchair, alien invasion, visual effects, scene in end credits, end of the world, toy adaptations, on a boat, 3-d, imax: dmr",based on game,live action,contemporary fiction,"Universal Pictures, Hasbro Studios, Bluegrass Films, Film 44",united states,english,"peter berg produces and directs battleship, the action-adventure that unfolds across the seas, in the skies and over land as our planet fights for survival against a superior force.  inspired by hasbro's classic naval combat game.
"
"/movie/Transformers-The-Last-Knight#tab=summary
",130168683,472724657,602893340,10569839,25212561,35782400,44680073,148.0,2.91,21.6,217000000,4069,4132,132200293,"June 21st, 2017","September 26th, 2017",PG-13,Transformers,action,"robot, war, archaeology, car chase, redemption, prologue, voiceover/narration, 3-d, 3-d - shot in 3-d, imax: dmr",based on tv,animation/live action,science fiction,"di Bonaventura Pictures, Paramount Pictures, Hasbro Studios",united states,english,"humans and transformers are at war, optimus prime is gone. the key to saving our future lies buried in the secrets of the past, in the hidden history of transformers on earth. saving our world falls upon the shoulders of an unlikely alliance: cade yeager; bumblebee; and english lord; and an oxford professor. there comes a moment in everyoneâs life when we are called upon to make a difference. the hunted will become heroes. heroes will become villains. only one world will survive: theirs, or ours. 
"
"/movie/Jurassic-World#tab=summary
",652270625,996584239,1648854864,41288342,96822734,138111076,208806270,124.0,3.12,39.6,215000000,4274,4291,704885576,"June 12th, 2015","October 20th, 2015",PG-13,Jurassic Park,action,"animals gone bad, development hell, dinosaurs, cloning, delayed sequel, military stealing new invention, children dealing with divorce, dysfunctional family, directing yourself, intertitle, gratuitous cameos, director cameo, dinosaurs in the modern world, motion capture performance, 3-d, 3-d - post-production conversion, imax: dmr",based on fiction book/short story,live action,science fiction,"Universal Pictures, Amblin Entertainment, Legendary Pictures",united states,english,"visitors at the jurassic world theme park run for their lives when the genetically engineered indominus rex and other dinosaurs go on a rampage.
"
"/movie/Men-in-Black-3#tab=summary
",179020854,475192631,654213485,31650492,26735100,58385592,54592779,104.0,3.28,27.4,215000000,4248,4248,204884419,"May 25th, 2012","November 30th, 2012",PG-13,Men in Black,adventure,"3-d, alien invasion, friendly alien on earth, hitmen, time travel, delayed sequel, buddy comedy, faulty memory, secret agent, marvel comics, visual effects, gratuitous cameos, same role, multiple actors, surprise twist, imax: dmr, 3-d - post-production conversion",based on comic/graphic novel,animation/live action,science fiction,"Columbia Pictures, Hemisphere Media Capital, Amblin Entertainment, Parkes+Macdonald Productions, Image Nation",united states,english,"in men in black 3, agents j and k are back...in time. j has seen some inexplicable things in his 15 years with the men in black, but nothing, not even aliens, perplexes him as much as his wry, reticent partner. but when k's life and the fate of the planet are put at stake, agent j will have to travel back in time to put things right. j discovers that there are secrets to the universe that k never told him -- secrets that will reveal themselves as he teams up with the young agent k to save his partner, the agency, and the future of humankind.
"
"/movie/Transformers-Revenge-of-the-Fallen#tab=summary
",402111870,434407829,836519699,221984094,50224516,272208610,108966307,149.0,3.69,48.1,210000000,4234,4293,488431885,"June 24th, 2009","October 20th, 2009",PG-13,Transformers,action,"robot, imax: dmr, friendly alien on earth, coming of age, politicians, car chase, revenge, narcotics, fugitive / on the run, kidnap, cover up",based on tv,animation/live action,science fiction,"DreamWorks Pictures, Paramount Pictures, Hasbro Studios, di Bonaventura Pictures, Tom DeSanto, Don Murphy",united states,english,"
 

"
"/movie/Transformers-Age-of-Extinction#tab=summary
",245439076,858614996,1104054072,28829681,35935363,64765044,100038390,165.0,2.45,22.2,210000000,4233,4233,273678083,"June 27th, 2014","September 30th, 2014",PG-13,Transformers,action,"live action cartoon, robot, alien invasion, corporate malfeasance, government corruption, single parent, dinosaurs, visual effects, prologue, intertitle, voiceover/narration, letting go, inventor, money troubles, 3-d, imax: dmr",based on tv,animation/live action,science fiction,"di Bonaventura Pictures, Tom DeSanto, Don Murphy",united states,english,"an epic battle left a great city torn, but with the world saved. as humanity picks up the pieces, a shadowy group reveals itself in an attempt to control the direction of historyâ¦ while an ancient, powerful new menace sets earth in its crosshairs. with help from a new cast of humans, optimus prime and the autobots rise to meet their most fearsome challenge yet as they are swept up in a war of good and evil, ultimately leading to a climactic battle across the world. 
"
"/movie/X-Men-The-Last-Stand#tab=summary
",234362462,224898484,459260946,145300840,1082241,146383081,102750665,104.0,2.28,51.0,210000000,3690,3714,325960610,"May 26th, 2006","October 3rd, 2006",PG-13,X-Men,action,"marvel comics, visual effects, mutants, 2000s, washington, d.c., new york, prison break, betrayal",based on comic/graphic novel,live action,super hero,20th Century Fox,united states,english,"
 

"
"/movie/Robin-Hood-(2010)#tab=summary
",105487148,216971858,322459006,47491423,16440932,63932355,36063385,139.0,2.93,32.7,210000000,3503,3505,121798213,"May 14th, 2010","September 21st, 2010",PG-13,.,action,.,based on folk tale/legend/fairytale,live action,historical fiction,"United Artists, Fairbanks","united kingdom, united states",english,"robin hood is an expert archer in service to king richard's army against the french. upon richard's death, robin travels to nottingham, a town suffering from the corruption of a despotic sheriff and crippling taxation, where he falls for the spirited widow lady marion, a woman skeptical of the identity and motivations of this crusader from the forest. hoping to earn the hand of maid marion and salvage the village, robin assembles a gang whose lethal mercenary skills are matched only by its appetite for life. together, they begin preying on the indulgent upper class to correct injustices under the sheriff.  with their country weakened from decades of war, embattled from the ineffective rule of the new king and vulnerable to insurgencies from within and threats from afar, robin and his men heed a call to ever greater adventure.  this unlikeliest of heroes and his allies set off to protect their country from slipping into bloody civil war and return glory to england once more.
"
"/movie/King-Kong-(2005)#tab=summary
",218080025,332437332,550517357,192180178,3713342,195893520,50130145,189.0,4.35,39.6,207000000,3568,3627,308433052,"December 14th, 2005","March 28th, 2006EntertainmentMarch 28th, 2006",PG-13,King Kong,adventure,"animals gone bad, creature features, visual effects, motion capture performance",remake,animation/live action,fantasy,Wingnut Films,"new zealand, united states",english,"
 

"
"/movie/His-Dark-Materials-The-Golden-Compass#tab=summary
",70107728,297154830,367262558,41885405,.,.,25783232,113.0,2.72,19.1,205000000,3528,3528,92585768,"December 1st, 2007","April 29th, 2008",PG-13,His Dark Materials,adventure,"talking animals, good vs. evil",based on fiction book/short story,live action,fantasy,"New Line Cinema, Ingenious Film Partners, Scholastic Entertainment Inc., Depth of Field",united kingdom,english,"
 

"
"/movie/Black-Panther#tab=summary
",700059566,646853595,1346913161,30082405,68082350,98164755,202003951,120.0,3.47,52.0,200000000,4020,4084,700059566,"February 16th, 2018","May 8th, 2018",PG-13,Marvel Cinematic Universe,action,"martial arts, marvel comics, royalty, magical technology, world war iii, civil war, rebellion, ensemble, africa, fictional country, prologue, 1990s, intertitle, undercover, london, england, south korea, seoul, non-chronological, dysfunctional family, scene in end credits, 2019 oscars best picture nominee, motion capture performance, 3-d, 3-d - post-production conversion, imax: dmr",based on comic/graphic novel,live action,super hero,Marvel Studios,united states,english,"king tâchalla returns home to the reclusive, technologically advanced african nation of wakanda to serve as his countryâs new leader. however, tâchalla soon finds that he is challenged for the throne from factions within his own country. when two foes conspire to destroy wakanda, the hero known as black panther must team up with c.i.a. agent everett k. ross and members of the dora milaje, wakanadan special forces, to prevent wakanda from being dragged into a world war.
"
"/movie/Titanic-(1997)#tab=summary
",659363944,1548844451,2208208395,.,.,.,28638131,194.0,18.6,29.9,200000000,2674,3265,1240601558,"December 19th, 1997","August 31st, 1999",PG-13,.,thriller/suspense,"visual effects, disaster, cross-class romance, romance, same role, multiple actors, 3-d, 3d re-release, inspired by a true story, relationships gone wrong, immigration, suicide, love triangle, voiceover/narration, artists, underwater, prologue, non-chronological, treasure hunters, imax: dmr, oscars best picture winner, motion capture performance",original screenplay,live action,historical fiction,"20th Century Fox, Paramount Pictures, Lightstorm Entertainment",united states,"english, italian, swedish","
 

"
"/movie/Star-Wars-Ep-VIII-The-Last-Jedi#tab=summary
",620181382,712358507,1332539889,18561437,74099567,92661004,220009584,150.0,2.82,46.5,200000000,4232,4232,628253896,"December 15th, 2017","March 13th, 2018",PG-13,Star Wars,adventure,"space opera, robot, good vs. evil, outer space, dysfunctional family, intertitle, family affair, fugitive / on the run, gambling, prison break, twins, death of a sibling, posthumous release, motion capture performance, 3-d, 3-d - post-production conversion, imax: dmr",original screenplay,animation/live action,science fiction,"Lucasfilm, Walt Disney Pictures",united states,english,"the skywalker saga continues as the heroes of the force awakens join the galactic legends in an epic adventure that unlocks age-old mysteries of the force and shocking revelations of the past. 
"
"/movie/Incredibles-2#tab=summary
",608581744,634223615,1242805359,21462660,49863162,71325822,182687905,118.0,3.33,49.0,200000000,4410,4413,608581744,"June 15th, 2018","October 23rd, 2018",PG,The Incredibles,adventure,"delayed sequel, super villains, prologue, non-chronological, family movie, faulty memory, dysfunctional family, vigilante, runaway, surprise twist, adult child dealing with the death of a parent, revenge, 3-d, 3-d - shot in 3-d, imax: dmr",original screenplay,digital animation,kids fiction,Disney-Pixar,united states,english,"everyoneâs favorite family of superheroes is back, but this time helen is in the spotlight, leaving bob at home with violet and dash  to navigate the day-to-day heroics of ânormalâ life. itâs a tough transition for everyone, made tougher by the fact that the family is still unaware of baby jack-jackâs emerging superpowers. when a new villain hatches a brilliant and dangerous plot, the family and frozone must find a way to work together againâwhich is easier said than done, even when theyâre all incredible.
"
"/movie/Rogue-One-A-Star-Wars-Story#tab=summary
",532177324,523879949,1056057273,18476507,67955655,86432162,155081681,134.0,3.43,50.4,200000000,4157,4157,556450789,"December 16th, 2016","March 24th, 2017",PG-13,Star Wars,adventure,"prequel, rebellion, space opera, visual effects, prologue, intertitle, tortured for information, non-chronological, robot, dream sequence, suicide mission, motion capture performance, 3-d, 3-d - post-production conversion, imax: dmr",spin-off,animation/live action,science fiction,Lucasfilm,united states,english,"in a time of conflict, a group of unlikely heroes band together on a mission to steal the plans to the death star, the empireâs ultimate weapon of destruction. this key event in the star wars timeline brings together ordinary people who choose to do extraordinary things, and in doing so, become part of something greater than themselves.
"
"/movie/Finding-Dory#tab=summary
",486295561,542275328,1028570889,36536204,60422283,96958487,135060273,103.0,3.6,47.3,200000000,4305,4305,512156365,"June 17th, 2016","October 25th, 2016",PG,Finding Nemo,adventure,"delayed sequel, sequel with lead character recast, underwater, animal lead, talking animals, faulty memory, 3-d, non-chronological, scene in end credits, slow motion scene, voiceover/narration, gratuitous cameos, escape, 3-d - shot in 3-d, imax: dmr",original screenplay,digital animation,kids fiction,Disney-Pixar,united states,english,"reunites the friendly-but-forgetful blue tang fish with her loved ones, and everyone learns a few things about the true meaning of family along the way. 
"
"/movie/Toy-Story-4-(2019)#tab=summary
",434038008,639356805,1073394813,15922295,33742242,49664537,120908065,89.0,3.59,40.4,200000000,4575,4575,434038008,"June 21st, 2019","October 1st, 2019",G(Rating,Toy Story,adventure,"living toys, road trip, coming of age, lost, rescue, existential crisis, delayed sequel, 3-d, 3-d - shot in 3-d, imax: dmr",original screenplay,digital animation,kids fiction,Disney-Pixar,united states,english,"woody has always been confident about his place in the world, and that his priority is taking care of his kid, whether thatâs andy or bonnie. so when bonnieâs beloved new craft-project-turned-toy, forky, declares himself as âtrashâ and not a toy, woody takes it upon himself to show forky why he should embrace being a toy. but when bonnie takes the whole gang on her familyâs road trip excursion, woody ends up on an unexpected detour that includes a reunion with his long-lost friend bo peep. after years of being on her own, boâs adventurous spirit and life on the road belie her delicate porcelain exterior. as woody and bo realize theyâre worlds apart when it comes to life as a toy, they soon come to find thatâs the least of their worries.   
"
"/movie/Toy-Story-3#tab=summary
",415004880,653874642,1068879522,194158670,57739886,251898556,110307189,102.0,3.76,38.8,200000000,4028,4028,479175469,"June 18th, 2010","November 2nd, 2010",G(Rating,Toy Story,adventure,"family movie, 3-d, imax: dmr, 2011 oscars best picture nominee, living toys, 3-d - shot in 3-d",original screenplay,digital animation,kids fiction,"Walt Disney Pictures, Disney-Pixar",united states,english,"as andy prepares to depart for college, his loyal toys find themselves in... day care! but the untamed tots with their sticky little fingers do not play nice, so it's all for one and one for all as plans for the great escape get underway. more than a few new faces -- some plastic, some plush -- join the adventure, including iconic swinging bachelor and barbie's counterpart, ken; a lederhosen-wearing thespian hedgehog named mr. pricklepants; and a pink, strawberry-scented teddy bear called lots-o'- huggin' bear.
"
"/movie/Iron-Man-3#tab=summary
",408992272,806400000,1215392272,25338875,56844398,82183273,174144585,130.0,2.35,33.7,200000000,4253,4253,458292689,"May 3rd, 2013","September 24th, 2013",PG-13,Iron ManMarvel Cinematic Universe,action,"marvel comics, terrorism, false identity, addiction, artificial intelligence, robot, government corruption, non-chronological, super soldiers, surprise twist, visual effects, prologue, voiceover/narration, intertitle, gratuitous cameos, epilogue, 3-d, 1990s, archival footage of previous installment, ptsd, scene in end credits, motion capture performance, 3-d - post-production conversion, imax: dmr",based on comic/graphic novel,animation/live action,super hero,"Marvel Studios, Paramount Pictures, DMG Entertainment",united states,english,"marvel's ""iron man 3"" pits brash-but-brilliant industrialist tony stark/iron man against an enemy whose reach knows no bounds. when stark finds his personal world destroyed at his enemy's hands, he embarks on a harrowing quest to find those responsible. this journey, at every turn, will test his mettle. with his back against the wall, stark is left to survive by his own devices, relying on his ingenuity and instincts to protect those closest to him. as he fights his way back, stark discovers the answer to the question that has secretly haunted him: does the man make the suit or does the suit make the man? 
"
"/movie/Guardians-of-the-Galaxy-Vol-2#tab=summary
",389813101,479300000,869113101,18325407,58227628,76553035,146510104,136.0,2.66,44.9,200000000,4347,4347,395897133,"May 5th, 2017","August 8th, 2017",PG-13,Marvel Cinematic UniverseGuardians of the Galaxy,action,"marvel comics, humans as aliens, interspecies romance, romance, unrequited love, adopted family, family affair, sibling rivalry, family secrets, psychics, animal lead, talking animals, visual effects, digital cinematography, 3-d, 3-d - shot in 3-d, ensemble, gratuitous cameos, intertitle, 1980s, dysfunctional family, motion capture performance, 3-d - post-production conversion, imax: dmr",based on comic/graphic novel,animation/live action,super hero,Marvel Studios,united states,english,"the teamâs adventures continue as they traverse the outer reaches of the cosmos. the guardians must fight to keep their newfound family together as they unravel the mystery of peter quillâs true parentage. 
"
"/movie/Spider-Man-2#tab=summary
",373524485,421586185,795110670,.,.,.,88156227,127.0,4.24,47.0,200000000,4152,4166,547956206,"June 30th, 2004","November 30th, 2004",PG-13,Spider-Man,adventure,"marvel comics, visual effects, imax: dmr, mental illness, artificial intelligence, cyborg",based on comic/graphic novel,live action,super hero,"Columbia Pictures, Marvel Studios, Laura Ziskin Productions",united states,english,"
 

"
"/movie/Alice-in-Wonderland-(2010)#tab=summary
",334191110,691300000,1025491110,86473124,35126381,121599505,116101023,108.0,2.88,32.6,200000000,3728,3739,385865775,"March 5th, 2010","June 1st, 2010",PG,Alice in Wonderland,adventure,"3-d, arranged marriage, talking animals, dragon, animal lead, same actor, multiple roles, non-chronological, sibling rivalry, twins, hallucinations, imax: dmr, live action cartoon, motion capture performance, 3-d - post-production conversion",based on fiction book/short story,animation/live action,fantasy,"Walt Disney Pictures, Roth Films, Zancuk Company",united states,english,"
 

"
"/movie/Skyfall#tab=summary
",304360277,806166704,1110526981,48106381,52557322,100663703,88364714,143.0,3.44,27.4,200000000,3505,3526,348151094,"November 8th, 2012","February 12th, 2013",PG-13,James Bond,action,"imax: dmr, secret agent, surprise twist, faked death, development hell, delayed sequel, prologue, intertitle",based on fiction book/short story,live action,contemporary fiction,"Eon Productions, B23, Metro-Goldwyn-Mayer Pictures, Columbia Pictures","united kingdom, united states",english,"bond's loyalty to m is tested as her past comes back to haunt her. as mi6 comes under attack, 007 must track down and destroy the threat, no matter how personal the cost
"
"/movie/Hobbit-An-Unexpected-Journey-The#tab=summary
",303003568,714000000,1017003568,54898448,91261482,146159930,84617303,169.0,3.58,29.8,200000000,4045,4100,345841855,"December 14th, 2012","March 19th, 2013",PG-13,Peter Jackson's Lord of the RingsThe Hobbit,adventure,"3-d, imax: dmr, prequel, cliffhanger ending, dragon, same role, multiple actors, ensemble, visual effects, 3-d - shot in 3-d, lord of the rings, motion capture performance",based on fiction book/short story,animation/live action,fantasy,"New Line Cinema, Metro-Goldwyn-Mayer Pictures, Wingnut Films","new zealand, united states",english,"hobbit bilbo baggins is swept into an epic quest to reclaim the lost dwarf kingdom of erebor from the fearsome dragon smaug. approached out of the blue by the wizard gandalf the grey, bilbo finds himself joining a company of 13 dwarves led by the legendary warrior thorin oakenshield. their journey will take them into the wild, through treacherous lands swarming with goblins, orcs and deadly wargs, as well as a mysterious and sinister figure known only as the necromancer.

although their goal lies to the east and the wastelands of the lonely mountain, first they must escape the goblin tunnels, where bilbo meets the creature that will change his life forever...gollum.

here, alone with gollum, on the shores of an underground lake, the unassuming bilbo baggins not only discovers depths of ingenuity and courage that surprise even him, he also gains possession of gollum's ""precious"" ring that holds unexpected and useful qualities... a simple, gold ring that is tied to the fate of all middle-earth in ways bilbo cannot begin to know.
"
"/movie/Monsters-University#tab=summary
",268488329,475100000,743588329,65869648,66228597,132098245,82429469,102.0,3.26,36.1,200000000,4004,4004,300852229,"June 21st, 2013","October 29th, 2013",G,"Monsters, Inc.",adventure,"prequel, delayed sequel, college, underdog, monster, bullies, fraternity/sorority, scene in end credits, 3-d, 3-d - shot in 3-d",original screenplay,digital animation,kids fiction,"Disney-Pixar, Walt Disney Pictures",united states,english,"ever since college-bound mike wazowski was a little monster, he has dreamed of becoming a professional scarer - and he knows better than anyone that the best scarers come from monsters university (mu). but during his first semester at mu, mike's plans are derailed when he crosses paths
with hotshot mu legacy james p. sullivan, ""sulley"", a natural-born scarer. the pair's out-of-control competitive spirit gets them both kicked out of the universityâs elite scare program. to make matters worse, they realize they will have to work together, along with an odd bunch of misfit monsters, if they ever hope to make things right. 
"
"/movie/Oz-The-Great-and-Powerful#tab=summary
",234770996,255588055,490359051,28328547,24867108,53195655,79110453,130.0,2.97,47.9,200000000,3912,3912,263070572,"March 8th, 2013","June 11th, 2013",PG,Wizard of Oz,adventure,"prequel, stage magician, visual effects, 3-d, good vs. evil, romance, relationships gone wrong, revenge, witches, motion capture performance, imax: dmr",spin-off,animation/live action,fantasy,"Walt Disney Pictures, Roth Films, Curtis-Donen Productions",united states,english,"oscar diggs, a small-time circus magician with dubious ethics, is hurled away from dusty kansas to the vibrant land of oz. there, oscar thinks heâs hit the jackpotâfame and fortune are his for the takingâthat is until he meets three witches, theodora, evanora and glinda, who are not convinced he is the great wizard everyoneâs been expecting. reluctantly drawn into the epic problems facing the land of oz and its inhabitants, oscar must find out who is good and who is evil before it is too late. putting his magical arts to use, along with some ingenuityâand even a bit of wizardryâoscar transforms himself not only into the great wizard but into a better man as well.
"
"/movie/X-Men-Days-of-Future-Past#tab=summary
",233921534,513941241,747862775,25064139,52558588,77622727,90823660,131.0,2.58,31.3,200000000,3996,4001,260835388,"May 23rd, 2014","October 14th, 2014",PG-13,X-Men,action,"marvel comics, mutants, time travel, robot, political, government corruption, same role, multiple actors, dystopia, 1970s, vietnam, vietnam war, rescue, prison break, ensemble, gratuitous cameos, scene in end credits, voiceover/narration, 3-d, 3-d - shot in 3-d",based on comic/graphic novel,live action,super hero,"Bad Hat Harry Productions, Donnersâ Company, Simon Kinberg, Ingenious Media",united states,english,"the x-men ensemble fights a war for the survival of the species across two time periods. the characters from the original âx-menâ film trilogy join forces with their younger selves from the past, in order to change a major historical event and fight in an epic battle that could save our future.
"
"/movie/Amazing-Spider-Man-2-The#tab=summary
",202853933,506142403,708996336,21563956,26617310,48181266,91608337,141.0,2.21,28.6,200000000,4324,4324,226193301,"May 2nd, 2014","August 19th, 2014",PG-13,Spider-Man,action,"3-d, corporate malfeasance, revenge, terminal illness, genetic engineering, 3-d - shot in 3-d, marvel comics, motion capture performance, 3-d - post-production conversion, imax: dmr",based on comic/graphic novel,live action,super hero,Marvel Studios,united states,english,"weâve always known that spider-manâs most important battle has been within himself: the struggle between the ordinary obligations of peter parker and the extraordinary responsibilities of spider-man. but in the amazing spider-man 2, peter parker finds that a greater conflict lies ahead. 

itâs great to be spider-man. for peter parker, thereâs no feeling quite like swinging between skyscrapers, embracing being the hero, and spending time with gwen. but being spider-man comes at a price: only spider-man can protect his fellow new yorkers from the formidable villains that threaten the city. with the emergence of electro, peter must confront a foe far more powerful than he. and as his old friend, harry osborn, returns, peter comes to realize that all of his enemies have one thing in common: oscorp.
"
"/movie/Cars-2#tab=summary
",191450875,368704508,560155383,109364496,40666408,150030904,66135507,107.0,2.89,34.2,200000000,4115,4115,219939150,"June 24th, 2011","November 1st, 2011",G(Rating,Cars,adventure,"family movie, auto racing, mistaken identity, undercover, secret agent, spoof, 3-d, gratuitous cameos, ensemble, conspiracy theory, corporate malfeasance, environment, foreign language, epilogue, prologue, culture clash, imax: dmr, monte carlo, 3-d - shot in 3-d",original screenplay,digital animation,kids fiction,"Disney-Pixar, Walt Disney Pictures",united states,english,"star racecar lightning mcqueen and his best friend, the incomparable tow truck mater, jump start a new adventure to exotic lands stretching across the globe in ""cars 2."" the duo are joined by a hometown pit crew from radiator springs when they head overseas for the first-ever world grand prix, a race to determine the world's fastest car.  but the road to the championship is filled with plenty of potholes, detours and bombshells when mater is mistakenly ensnared in an intriguing escapade of his own: international espionage.  mater finds himself torn between assisting lightning mcqueen in the high-profile race and towing the line in a top-secret mission orchestrated by master british super spy finn mcmissile and the stunning rookie field spy holley shiftwell.  mater's action-packed journey leads him on an explosive chase through the streets of japan, italy, france and england, trailed by his friends and watched by the whole world. the fast-paced fun includes a colorful new cast of cars, boats, trains and airplanes - complete with menacing villains and international racing competitors.
"
"/movie/Fast-and-Furious-Presents-Hobbs-and-Shaw-(2019)#tab=summary
",173956935,586625355,760582290,13100134,17129294,30229428,60038950,134.0,2.9,22.9,200000000,4253,4344,173956935,"August 2nd, 2019","October 15th, 2019",PG-13,Fast and the Furious,action,"enemies forced to work together, car chase, car accident, super soldiers, shootout, prologue, imax: dmr, london, mi6, dysfunctional family, environment, rogue agent, framed, fugitive / on the run, manhunt, split screen",spin-off,live action,contemporary fiction,"Seven Bucks Productions, Chris Morgan Productions, Universal Pictures",united states,english,"ever since hulking lawman hobbs, a loyal agent of americaâs diplomatic security service, and lawless outcast shaw, a former british military elite operative, first faced off in 2015âs furious 7, the duo have swapped smack talk and body blows as theyâve tried to take each other down. but when cyber-genetically enhanced anarchist brixton gains control of an insidious bio-threat that could alter humanity forever â and bests a brilliant and fearless  rogue mi6 agent, who just happens to be shawâs sister â these two sworn enemies will have to partner up to bring down the only guy who might be badder than themselves. 
"
"/movie/Tron-Legacy#tab=summary
",172062763,228000000,400062763,27531631,35963925,63495556,44026211,125.0,3.91,43.0,200000000,3451,3451,198430777,"December 17th, 2010","April 5th, 2011",PG,Tron,adventure,"3-d, artificial intelligence, virtual reality, visual effects, rescue, same actor, multiple roles, prologue, delayed adulthood, delayed sequel, voiceover/narration, surprise twist, imax: dmr, motion capture performance, 3-d - shot in 3-d",original screenplay,live action,science fiction,Walt Disney Pictures,united states,english,"in 1989, kevin flynn, an innovative software engineer and the ceo of encom international, disappears. twenty years later, his son, sam, is visited by kevin's friend and encom executive alan bradley, who urges sam to investigate a mysterious page from flynn's old arcade that may lead to information regarding kevin's whereabouts. while exploring the arcade, sam discovers a concealed computer laboratory and unintentionally transports himself to the grid, where he finds an evil digital reprentation of his long lost father, named chu.  now sam must defeat chu to save himself and his real father.
"
"/movie/2012#tab=summary
",166112167,591565581,757677748,52096515,23347059,75443574,65237614,158.0,2.55,21.9,200000000,3404,3444,201610604,"November 13th, 2009","March 2nd, 2010",PG-13,.,action,"disaster, end of the world, extreme weather, visual effects",original screenplay,live action,science fiction,"Centropolis Entertainment, Columbia Pictures",united states,english,"
 

"
"/movie/Fantastic-Beasts-The-Crimes-of-Grindelwald-(2018)#tab=summary
",159555901,492664185,652220086,10865673,28553029,39418702,62163104,134.0,2.57,24.5,200000000,4163,4163,159555902,"November 16th, 2018","February 12th, 2019",PG-13,Harry PotterFantastic Beasts and Where to Find Them,adventure,"new york city, london, ensemble, 1920s, secret magic, good vs. evil, romance, faulty memory, forbidden romance, prequel, 3-d, 3-d - post-production conversion, imax: dmr",spin-off,animation/live action,fantasy,"Heyday Films, Warner Bros.","united kingdom, united states",english,"at the end of the first film, the powerful dark wizard gellert grindelwald was captured by macusa (magical congress of the united states of america), with the help of newt scamander. but, making good on his threat, grindelwald escaped custody and has set about gathering followers, most unsuspecting of his true agenda: to raise pure-blood wizards up to rule over all non-magical beings. in an effort to thwart grindelwaldâs plans, albus dumbledore enlists his former student newt scamander, who agrees to help, unaware of the dangers that lie ahead. lines are drawn as love and loyalty are tested, even among the truest friends and family, in an increasingly divided wizarding world. 
"
"/movie/Terminator-Salvation#tab=summary
",125322469,240169323,365491792,30469967,24237527,54707494,42558390,116.0,2.94,34.3,200000000,3530,3602,152225030,"May 21st, 2009","December 1st, 2009",PG-13,Terminator,action,"post apocalypse, motion capture performance",original screenplay,live action,science fiction,"Halcyon Company, Moritz Borman, Wonderland Sound and Vision",united states,english,"
 

"
"/movie/Green-Lantern-(2011)#tab=summary
",116601172,102934320,219535492,22716843,24326635,47043478,53174303,113.0,2.19,53.1,200000000,3816,3816,133951664,"June 17th, 2011","October 14th, 2011",PG-13,.,action,"d.c. comics, friendly alien on earth, origin story, mad scientist, visual effects, epilogue, alien invasion, non-chronological, 3-d, development hell, motion capture performance, 3-d - post-production conversion",based on comic/graphic novel,animation/live action,super hero,"De Line Pictures, Warner Bros.",united states,english,"in a universe as vast as it is mysterious, an elite, powerful force has existed for centuries. protectors of peace and justice, they are called the green lantern corps. warriors sworn to keep intergalactic order, each green lantern wears a ring that grants him the ability to create anything his mind can imagine. but when a new enemy called parallax threatens to destroy the balance of power in the universe, their fate and the fate of earth lie in the hands of their newest recruit, the first human ever selected: hal jordan.
 
hal is a gifted and cocky test pilot, but the green lanterns have little respect for humans, who have never harnessed the infinite powers of the ring before. but hal's humanity is one weapon no member of the corps has ever had, and if--with willpower, determination and the encouragement of fellow pilot and childhood sweetheart carol ferris--hal can quickly master his new powers and find the courage to overcome his fears, he may prove to be not only the key to defeating parallax...he will save the earth and all of mankind from certain destruction.
 
"
"/movie/Prince-of-Persia-Sands-of-Time#tab=summary
",90759676,245600000,336359676,36485122,15260276,51745398,30095259,115.0,3.02,27.0,200000000,3646,3646,104793487,"May 28th, 2010","September 14th, 2010",PG-13,.,action,"whitewashed casting, imax: dmr",based on game,live action,fantasy,"Walt Disney Pictures, Jerry Bruckheimer",united states,english,"a rogue prince reluctantly joins forces with a mysterious princess and together, they race against dark forces to safeguard an ancient dagger capable of releasing the sands of time - a gift from the gods that can reverse time and allow its possessor to rule the world.
"
"/movie/Dark-Phoenix-(2019)#tab=summary
",65845974,180510921,246356895,6710063,14236962,20947025,32828348,114.0,2.01,26.7,200000000,3721,3721,65845974,"June 7th, 2019","September 3rd, 2019",PG-13,X-Men,action,"marvel comics, mutants, psychics, good vs. evil, friends turned enemies, 3-d, 3-d - post-production conversion, imax: dmr",based on fiction book/short story,live action,super hero,"Marvel Studios, Kinberg Genre, Twentieth Century Fox, Hutch Parker",united states,english,"the x-men face their most formidable and powerful foe: one of their own, jean grey. during a rescue mission in space, jean is nearly killed when she is hit by a mysterious cosmic force. once she returns home, this force not only makes her infinitely more powerful, but far more unstable. wrestling with this entity inside her, jean unleashes her powers in ways she can neither comprehend nor contain. with jean spiraling out of control, and hurting the ones she loves most, she begins to unravel the very fabric that holds the x-men together. now, with this family falling apart, they must find a way to uniteânot only to save jeanâs soul, but to save our very planet from aliens who wish to weaponize this force and rule the galaxy.

"
"/movie/Transformers-Dark-of-the-Moon#tab=summary
",352390543,771403536,1123794079,57245386,59568881,116814267,97852865,154.0,3.6,31.4,195000000,4088,4107,404826964,"June 29th, 2011","September 30th, 2011",PG-13,Transformers,action,"robot, alien invasion, friendly alien on earth, end of the world, visual effects, 3-d, alternate history, prologue, voiceover/narration, war, non-chronological, surprise twist, rescue, imax: dmr, 3-d - shot in 3-d",based on tv,animation/live action,science fiction,"Paramount Pictures, di Bonaventura Pictures, Hasbro Studios",united states,english,"when a mysterious event from earthâs past erupts into the present day it threatens to bring a war to earth so big that the transformers alone will not be able to save us.  
"
"/movie/Mummy-The-(2017)#tab=summary
",80101125,329852780,409953905,6363745,12099148,18462893,31668375,107.0,2.53,19.5,195000000,4035,4035,81351307,"June 9th, 2017","August 22nd, 2017",PG-13,Dark Universe,adventure,"reboot, mummy, ancient egypt, revenge, monster, 3-d - shot in 3-d, 3-d - post-production conversion, intertitle, prologue, england, 1100s, voiceover/narration, non-chronological, treasure hunters, extreme weather, hallucinations, dead language, 3-d, imax: dmr",based on folk tale/legend/fairytale,live action,historical fiction,"Universal Pictures, Perfect World Pictures, Secret Hideout, Conspiracy Factory, Sean Daniel Company",united states,english,"thought safely entombed in a tomb deep beneath the unforgiving desert, an ancient princess whose destiny was unjustly taken from her is awakened in our current day, bringing with her malevolence grown over millennia and terrors that defy human comprehension.   
"
"/movie/Jack-the-Giant-Slayer#tab=summary
",65187603,132500000,197687603,12859662,13886493,26746155,27202226,113.0,2.4,33.0,195000000,3525,3525,73045392,"March 1st, 2013","June 18th, 2013",PG-13,.,adventure,"prince/princess, rescue, giants, visual effects, 3-d, motion capture performance, imax: dmr",based on folk tale/legend/fairytale,animation/live action,fantasy,"New Line Cinema, Legendary Pictures, Original Film, Big Kid Pictures, Bad Hat Harry Productions, Bryan Singer",united states,english,"an age-old war is reignited when a young farmhand unwittingly opens a gateway between our world and a fearsome race of giants.

unleashed on the earth for the first time in centuries, the long-banished giants strive to reclaim the land they once lost, forcing the young man, jack, into the battle of his life to stop them. fighting for a kingdom, its people, and the love of a brave princess, he comes face to face with the unstoppable warriors he thought only existed in legend...and gets the chance to become a legend himself.
"
"/movie/Furious-7#tab=summary
",353007020,1165715774,1518722794,32854971,39380459,72235430,147163560,137.0,2.4,23.2,190000000,4003,4022,381482079,"April 3rd, 2015","August 25th, 2015",PG-13,Fast and the Furious,action,"car chase, gangs, revenge, death of a sibling, posthumous release, intertitle, prologue, faulty memory, coma, archival footage of previous installment, ptsd, sequels with returning stars, hackers, epilogue, voiceover/narration, non-chronological, heist, 3-d, 3-d - post-production conversion, imax: dmr",original screenplay,live action,contemporary fiction,"Original Film, One Race Films, Universal Pictures, MRC, China Film Company, Dentsu Inc.",united states,english,"
 

"
"/movie/Star-Trek-Into-Darkness#tab=summary
",228778661,238602923,467381584,28230678,52143497,80374175,70165559,132.0,3.26,48.9,190000000,3868,3907,256355910,"May 15th, 2013","September 10th, 2013",PG-13,Star Trek,adventure,"genetic engineering, surprise twist, secret agent, secret identity, terrorism, government corruption, ensemble, prologue, intertitle, humans as aliens, invented language, 3-d, 3-d - post-production conversion, imax: dmr",based on tv,live action,science fiction,"Bad Robot, Skydance Productions, Paramount Pictures",united states,"english, klingon","in the wake of a shocking act of terror from within their own organization, the crew of the enterprise is called back home to earth. in defiance of regulations and with a personal score to settle, captain kirkâ leads his crew on a manhunt toâ capture an unstoppable force of destruction and bring those responsible to justice.

as our heroes are propelled into an epic chess game of life and death, love will be challenged, friendships will be torn apart, and sacrifices must be made for the only family kirk has left: his crew
"
"/movie/World-War-Z#tab=summary
",202359711,329154939,531514650,22602089,36365902,58967991,66411834,115.0,3.05,38.1,190000000,3607,3607,226752391,"June 21st, 2013","September 17th, 2013",PG-13,World War Z,action,"dystopia, political, zombies, epidemic, post apocalypse, novel or other work adapted by author, 3-d, 3-d - post-production conversion, imax: dmr",based on fiction book/short story,live action,science fiction,"Skydance Productions, Hemisphere Media Capital, GK Films, Plan B Entertainment, 2Dux2",united states,english,"united nations employee gerry lane traverses the world in a race against time to stop a pandemic that is toppling armies and governments and threatening to decimate humanity itself.
"
"/movie/Great-Gatsby-The-(2011)#tab=summary
",144840419,208800000,353640419,31008692,18608264,49616956,50085184,141.0,2.89,41.0,190000000,3535,3550,162299651,"May 10th, 2013","August 27th, 2013",PG-13,.,drama,"romance, costume drama, unrequited love, relationships gone wrong, ensemble, world war i, returning soldiers, wall street, 3-d, intentionally anachronistic",based on fiction book/short story,live action,historical fiction,"Warner Bros., Village Roadshow Productions, A&E Indiefilms, Bazmark, Red Wagon Entertainment",united states,english,"would-be writer nick carraway leaves the midwest and comes to new york city in the spring of 1922, an era of loosening morals, glittering jazz, bootleg kings, and sky-rocketing stocks. chasing his own american dream, nick lands next door to a mysterious, party-giving millionaire, jay gatsby, and across the bay from his cousin, daisy, and her philandering, blue-blooded husband, tom buchanan. it is thus that nick is drawn into the captivating world of the super rich, their illusions, loves and deceits. as nick bears witness, within and without of the world he inhabits, he pens a tale of impossible love, incorruptible dreams and high-octane tragedy.
"
"/movie/Disneys-A-Christmas-Carol#tab=summary
",137855863,177853834,315709697,46755567,22162699,68918266,30051075,95.0,4.59,43.7,190000000,3683,3683,167424190,"November 6th, 2009","November 16th, 2010",PG,.,drama,"christmas in november, christmas, 3-d, imax: dmr, class warfare, hauntings, motion capture performance, 3-d - shot in 3-d",remake,digital animation,fantasy,"ImageMovers, Walt Disney Pictures",united states,english,"
 

"
"/movie/Pacific-Rim#tab=summary
",101802906,309200000,411002906,22393723,35345961,57739684,37285325,131.0,2.73,24.8,190000000,3275,3285,114074345,"July 12th, 2013","October 15th, 2013",PG-13,Pacific Rim,action,"end of the world, visual effects, robot, kaiju, creature features, lovecraftian, prologue, voiceover/narration, 3-d, mecha, survivor's guilt, 3-d - post-production conversion, imax: dmr",original screenplay,live action,science fiction,"Warner Bros., Legendary Pictures, Guillermo del Toro, DDY",united states,"cantonese, english, japanese","when legions of monstrous creatures, known as kaiju, started rising from the sea, a war began that would take millions of lives and consume humanity's resources for years on end. to combat the giant kaiju, a special type of weapon was devised: massive robots, called jaegers, which are controlled simultaneously by two pilots whose minds are locked in a neural bridge. but even the jaegers are proving nearly defenseless in the face of the relentless kaiju. on the verge of defeat, the forces defending mankind have no choice but to turn to two unlikely heroes-a washed up former pilot and an untested trainee -who are teamed to drive a legendary but seemingly obsolete jaeger from the past. together, they stand as mankind's last hope against the mounting apocalypse. 
"
"/movie/Good-Dinosaur-The#tab=summary
",123087120,210683917,333771037,32752257,30584297,63336554,39155217,92.0,3.14,36.9,187500000,3749,3749,132787169,"November 25th, 2015","February 23rd, 2016",PG,.,adventure,"alternate history, dinosaurs, animal lead, talking animals, young child dealing with the death of a parent, cavemen, humans as pets, development hell, intertitle, prologue, orphan, directing yourself, extreme weather, 3-d, 3-d - shot in 3-d",original screenplay,digital animation,kids fiction,Disney-Pixar,united states,english,"""the good dinosaur"" asks the generations-old question: what if the asteroid that forever changed life on earth missed the planet completely and giant dinosaurs never became extinct?  the film is an original story about arlo, a lively apatosaurus with a big heart. after a traumatic event unsettles arloâs family, he sets out on a remarkable journey, gaining an unlikely companion along the way - a human boy. 
"
"/movie/Iron-Man#tab=summary
",318604126,266567421,585171547,183759636,14652419,198412055,102118668,126.0,3.12,54.4,186000000,4105,4154,404223700,"May 2nd, 2008","September 30th, 2008",PG-13,Iron ManMarvel Cinematic Universe,adventure,"marvel comics, corporate malfeasance, surprise twist, kidnap, terrorism, afghanistan war, scene in end credits, arms dealer, inventor, voiceover/narration, non-chronological, intertitle, gratuitous cameos, origin story, motion capture performance, imax: dmr",based on comic/graphic novel,live action,super hero,"Paramount Pictures, Marvel Studios, Fairview Entertainment",united states,english,"
 

"
"/movie/Dark-Knight-The#tab=summary
",535234033,468275260,1003509293,282771602,34481069,317252671,158411483,152.0,3.38,53.3,185000000,4366,4366,676582901,"July 18th, 2008","December 9th, 2008",PG-13,BatmanDark Knight Trilogy,action,"d.c. comics, film noir, mental illness, visual effects, imax: dmr, posthumous release",based on comic/graphic novel,live action,super hero,"Legendary Pictures, Warner Bros., Syncopy",united states,"english, mandarin","
 

"
"/movie/Indiana-Jones-and-the-Kingdom-of-the-Crystal-Skull#tab=summary
",317101119,469534294,786635413,117105049,.,.,100137835,123.0,3.17,40.3,185000000,4260,4264,402338604,"May 22nd, 2008","October 14th, 2008",PG-13,Indiana Jones,adventure,"treasure hunters, delayed sequel, archaeology, sequels with returning stars, surprise twist, dysfunctional family, cold war, double agent, psychics, friendly alien on earth, character's journey shown on map, mental illness, dead language",original screenplay,live action,historical fiction,Lucasfilm,united states,"english, german, russian","
 

"
"/movie/Brave#tab=summary
",237282182,317324350,554606532,137945114,56730157,194675271,66323594,93.0,3.58,42.8,185000000,4164,4164,271562769,"June 22nd, 2012","November 13th, 2012",PG,.,adventure,"3-d, royalty, arranged marriage, curses, prologue, voiceover/narration, animals gone bad, paralysis / loss of a limb, coming of age, 3-d - shot in 3-d",original screenplay,digital animation,kids fiction,Disney-Pixar,united states,english,"a rugged and mythic scotland is the setting for this action-adventure. the impetuous, tangle-haired merida, though a daughter of royalty, would prefer to make her mark as a great archer. a clash of wills with her mother compels merida to make a reckless choice, which unleashes unintended peril on her father's kingdom and her mother's life. merida struggles with the unpredictable forces of nature, magic and a dark, ancient curse to set things right.
"
"/movie/Kong-Skull-Island#tab=summary
",168052812,393019247,561072059,16044590,22839779,38884369,61025472,118.0,2.75,30.0,185000000,3846,3846,170675713,"March 10th, 2017","July 18th, 2017",PG-13,King KongMonsterVerse,adventure,"creature features, character pov shot, 1970s, prequel, reboot, franchise crossover, visual effects, scene in end credits, motion capture performance, 3-d, 3-d - post-production conversion, imax: dmr",original screenplay,live action,science fiction,"Legendary Pictures, Warner Bros., Tencent Pictures ",united states,english,"the story of a diverse team of scientists, soldiers and adventurers uniting to explore a mythical uncharted island in the pacific, as dangerous as it is beautiful. cut off from everything they know, the team ventures into the domain of the mighty kong, igniting the ultimate battle between man and nature. as their mission of discovery becomes one of survival, they must fight to escape a primal eden in which humanity does not belong. 

"
"/movie/Star-Trek-Beyond#tab=summary
",158848340,176953893,335802233,10703420,31597072,42300492,59253211,122.0,2.68,47.3,185000000,3928,3928,167295758,"July 22nd, 2016","October 4th, 2016",PG-13,Star Trek,adventure,"posthumous release, screenplay written by the star, marooned, prologue, ambush, voiceover/narration, relationships gone wrong, invented language, surprise twist, 3-d, 3-d - post-production conversion, imax: dmr",based on tv,live action,science fiction,"Sneaky Shark, Paramount Pictures, Bad Robot, Skydance Productions, Perfect Storm Entertainment",united states,english,"the enterprise crew explores the furthest reaches of uncharted space, where they encounter a mysterious new enemy who puts them and everything the federation stands for to the test.
"
"/movie/Maleficent-Mistress-of-Evil-(2019)#tab=summary
",113929605,375816221,489745826,.,.,.,36948713,118.0,3.08,23.3,185000000,3790,3820,113929605,"October 18th, 2019","December 31st, 2019",PG,Maleficent,adventure,"imax: dmr, romance, prince/princess, royalty, dysfunctional family, bigotry, fairies, fairy godmother, war, delayed sequel",original screenplay,live action,fantasy,"Walt Disney Pictures, Roth Films",united states,english,"the film continues to explore the complex relationship between the horned fairy and the soon to be queen as they form new alliances and face new adversaries in their struggle to protect the moors and the magical creatures that reside within. 
"
"/movie/Blade-Runner-2049#tab=summary
",92054159,167303249,259357408,4932296,22568340,27500636,32753122,164.0,2.81,35.5,185000000,4058,4058,93484661,"October 6th, 2017","December 26th, 2017",R,Blade Runner,thriller/suspense,"delayed sequel, robot, post apocalypse, police procedural, film noir, 3-d, 3-d - post-production conversion, imax: dmr",based on fiction book/short story,live action,science fiction,"Alcon Entertainment, Thunderbird Films, Columbia Pictures, Ridley Scott Associates, Bud Yorkin, Torridon Films, 16:14 Entertainment",united states,english,"thirty years after the events of the first film, a new blade runner, lapd officer k, unearths a long-buried secret that has the potential to plunge whatâs left of society into chaos. kâs discovery leads him on a quest to find rick deckard, a former lapd blade runner who has been missing for 30 years.
"
"/movie/Terminator-Dark-Fate-(2019)#tab=summary
",62253077,188238086,250491163,.,.,.,29033832,128.0,2.14,24.9,185000000,4086,4086,62253077,"November 1st, 2019","January 28th, 2020",R,Terminator,action,"imax: dmr, near future, time travel, robot, cyborg, death of a son or daughter, adopted family, artificial intelligence, 2020s, mexico city, mexico, border town, border agents, non-chronological, archival footage of previous installment, prologue, voiceover/narration, intertitle",original screenplay,animation/live action,science fiction,"Paramount Pictures, Skydance Productions, Twentieth Century Fox, Tencent Pictures , TSG Entertainment, Lightstorm Entertainment",united states,english,"27 years after the events of terminator 2: judgment day, a new, modified liquid metal terminator is sent from the future by skynet in order to terminate dani ramos, a hybrid cyborg human, and her friends. sarah connor comes to their aid, as well as the original terminator, for a fight for the future.
"
"/movie/Aladdin-(2019)#tab=summary
",355559216,695400000,1050959216,12288985,27291239,39580224,91500929,128.0,3.89,33.8,182000000,4476,4476,355559219,"May 24th, 2019","August 27th, 2019",PG,.,adventure,"remake, live action cartoon, wish granters, romance, cross-class romance, royalty, prince/princess, motion capture performance, 3-d, 3-d - post-production conversion, imax: dmr",remake,animation/live action,fantasy,"Walt Disney Pictures, Rideback","india, united states",english,"the charming street rat aladdin, the courageous and self-determined princess jasmine and the genie who may be the key to their future. 
"
"/movie/Thor-Ragnarok#tab=summary
",315058289,538900000,853958289,15650338,56745014,72395352,122744989,130.0,2.57,36.9,180000000,4080,4080,319915752,"November 3rd, 2017","February 20th, 2018",PG-13,ThorMarvel Cinematic UniverseHulk,action,"marvel comics, norse mythology, gods and goddesses, end of the world, prophecy, underworld, gladiators, directing yourself, dysfunctional family, unexpected families, adult child dealing with the death of a parent, non-chronological, gratuitous cameos, motion capture performance, 3-d, 3-d - post-production conversion, imax: dmr",based on comic/graphic novel,live action,super hero,Marvel Studios,united states,english,"thor is imprisoned on the other side of the universe without his mighty hammer and finds himself in a race against time to get back to asgard to stop ragnarokâthe destruction of his home-world and the end of asgardian civilizationâat the hands of an all-powerful new threat, the ruthless hela. but first, he must survive a deadly gladiatorial contest that pits him against his former ally and fellow avengerâthe incredible hulk! 
"
"/movie/Chronicles-of-Narnia-The-Lion-the-Witch-and-the-Wardrobe-The#tab=summary
",291710957,428828615,720539572,448094082,.,.,65556312,140.0,4.45,40.5,180000000,3616,3853,412335608,"December 9th, 2005","April 4th, 2006",PG,Chronicles of Narnia,adventure,"alternative dimensions / parallel universe, talking animals, visual effects, world war ii",based on fiction book/short story,animation/live action,fantasy,"Walt Disney Pictures, Walden Media, Mark Johnson","united kingdom, united states",english,"four young adventurers playing hide and-seek in the country home of an old professor stumble upon an enchanted wardrobe that will take them places they never dreamed. stepping through the wardrobe door, they are whisked out of world war ii london into the spectacular parallel universe known as narniaâa fairy-tale realm of magical proportions where woodland animals talk and mythological creatures roam the hills. but narnia has fallen under the icy spell of a mad sorceress, cursed to suffer through a winter that never ends by the white witch jadis. now, aided by narniaâs rightful leader, the wise and mystical lion aslan, the four pevensie children will discover their own strength and lead narnia into a spectacular battle to be free of the witchâs glacial enslavement forever. 
"
"/movie/Maleficent#tab=summary
",241407328,517129407,758536735,40713458,42602654,83316112,69431298,97.0,3.48,31.8,180000000,3948,3948,269182462,"May 30th, 2014","November 4th, 2014",PG,Maleficent,adventure,"villain's point of view, prince/princess, dragon, prologue, voiceover/narration, fairies, romance, first love, royalty, relationships gone wrong, orphan, family affair, revenge, visual effects, epilogue, live action cartoon, motion capture performance, 3-d, 3-d - post-production conversion, imax: dmr",spin-off,live action,fantasy,Roth Films,united states,english,"driven by revenge and a fierce desire to protect the moors over which she presides, maleficent cruelly places an irrevocable curse upon the human kingâs newborn infant aurora. as the child grows, aurora is caught in the middle of the seething conflict between the forest kingdom she has grown to love and the human kingdom that holds her legacy. maleficent realizes that aurora may hold the key to peace in the land and is forced to take drastic actions that will change both worlds forever.
"
"/movie/Fantastic-Beasts-and-Where-to-Find-Them#tab=summary
",234037575,580000000,814037575,26038106,42385831,68423937,74403387,133.0,3.15,28.8,180000000,4144,4144,246056618,"November 18th, 2016","March 7th, 2017",PG-13,Harry PotterFantastic Beasts and Where to Find Them,adventure,"1920s, prequel, new york city, secret magic, supernatural, monster, cryptozoology, secret societies, 3-d, 3-d - post-production conversion, imax: dmr",spin-off,animation/live action,fantasy,"Warner Bros., Heyday Films",united states,english,"story takes place in the harry potter world, set 70 years prior to the harry potter books.
"
"/movie/WALL-E#tab=summary
",223808164,308699861,532508025,205980733,.,.,63087526,100.0,3.55,42.0,180000000,3992,3992,283968229,"June 27th, 2008","November 18th, 2008",G,.,adventure,"robot, family movie",original screenplay,digital animation,science fiction,"Disney-Pixar, Walt Disney Pictures",united states,english,"
 

"
"/movie/Rush-Hour-3#tab=summary
",140125968,116459914,256585882,44763139,.,.,49100158,91.0,2.85,54.6,180000000,3778,3778,185544700,"August 10th, 2007","December 23rd, 2007",PG-13,Rush Hour,action,"buddy cop, buddy comedy, martial arts, organized crime",original screenplay,live action,contemporary fiction,"New Line Cinema, Arthur Sarkissian, Roger Birnbaum",united states,"cantonese, english, french, japanese","
 

"
"/movie/Legend-of-Tarzan-The#tab=summary
",126643061,222258964,348902025,12335589,13033353,25368942,38527856,110.0,3.29,36.3,180000000,3561,3591,133377834,"July 1st, 2016","September 23rd, 2016",PG-13,.,adventure,"africa, animal lead, government corruption, motion capture performance, 3-d, 3-d - post-production conversion, imax: dmr",based on fiction book/short story,live action,historical fiction,"Warner Bros., Village Roadshow Productions, RatPac Entertainment, Dune Entertainment, Jerry Weintraub, Riche-Ludwig, Beaglepug",united states,english,"it has been years since the man once known as tarzan left the jungles of africa behind for a gentrified life as john clayton iii, lord greystoke, with his beloved wife, jane at his side. now, he has been invited back to the congo to serve as a trade emissary of parliament, unaware that he is a pawn in a deadly convergence of greed and revenge, masterminded by the belgian, captain leon rom. but those behind the murderous plot have no idea what they are about to unleash.
"
"/movie/Hugo#tab=summary
",73864507,106183277,180047784,19301025,15686424,34987449,11364505,126.0,6.5,41.0,180000000,1277,2608,84753719,"November 23rd, 2011","February 28th, 2012",PG,.,adventure,"3-d, orphan, robot, coming of age, stage magician, inventor, young child dealing with the death of a parent, movie business, steampunk, visual effects, abandoned child, non-chronological, unnamed character, addiction, dream sequence, breaking the fourth wall, voiceover/narration, world war i, autumn years, ensemble, 2012 oscars best picture nominee, 3-d - shot in 3-d",based on fiction book/short story,animation/live action,fantasy,"GK Films, Infinitum Nihil","united kingdom, united states",english,"""hugo"" is the adventure of a resourceful orphan boy whose quest to unlock a secret left to him by his father will transform hugo and all those around him, and reveal a safe and loving place he can call home.
"
"/movie/Valerian-and-the-City-of-a-Thousand-Planets-(France)#tab=summary
",40479370,174618986,215098356,3256972,8242544,11499516,17007624,129.0,2.38,18.8,180000000,3553,3553,41111153,"July 21st, 2017","November 21st, 2017",PG-13,.,adventure,"outer space, space opera, romance, alien encounters, robot, unrequited love, motion capture performance, 3-d, 3-d - post-production conversion, imax: dmr",based on comic/graphic novel,animation/live action,science fiction,"EuropaCorp, Fundamental Films, BNP Paribas Film Fund, River Road Entertainment, Belga Films, Valerian S.A.S., TF1 Film Productions, OCS., Orange Studio, Universum Film, Novo Pictures",france,english,"valerian and laureline are special operatives for the government of the human territories charged with maintaining order throughout the universe. valerian has more in mind than a professional relationship with his partnerâblatantly chasing after her with propositions of romance. but his extensive history with women, and her traditional values, drive laureline to continuously rebuff him. under directive from their commander, valerian and laureline embark on a mission to the breathtaking intergalactic city of alpha, an ever-expanding metropolis comprised of thousands of different species from all four corners of the universe. alphaâs seventeen million inhabitants have converged over timeâuniting their talents, technology and resources for the betterment of all. unfortunately, not everyone on alpha shares in these same objectives; in fact, unseen forces are at work, placing our race in great danger.
"
"/movie/Jupiter-Ascending#tab=summary
",47482519,134500000,181982519,8567312,11186390,19753702,18372372,127.0,2.58,26.1,179000000,3885,3885,51312658,"February 6th, 2015","May 5th, 2015",PG-13,.,action,"royalty, alien invasion, romance, space opera, sibling rivalry, animal lead, animal hybrids, 3-d, 3-d - post-production conversion, imax: dmr",original screenplay,live action,science fiction,"Warner Bros., Village Roadshow Productions, Anarchos Productions, RatPac Entertainment, Dune Entertainment",united states,english,"jupiter jones was born under a night sky, with signs predicting that she was destined for great things. now grown jupiter dreams of the stars, but wakes up to the cold reality of a job cleaning other people's houses and an endless run of bad breaks. only when caine, a genetically engineered ex-military hunter, arrives on earth to track her down does jupiter begin to glimpse the fate that has been waiting for her all along - her genetic signature marks her as the next in line for an extraordinary inheritance that could alter the balance of the cosmos.
"
